<?xml version="1.0" encoding="UTF-8"?>
<object name="agreementSiteInfoPage">
	<object name="tag7000477_link">
		<prop name="value">7000477</prop>
		<prop name="type">link</prop>
		<prop name="propertyName">.text</prop>
		<prop name="classID">Html.A</prop>								
	</object>
	<object name="next_link">
		<prop name="value">Next ></prop>
		<prop name="type">link</prop>
		<prop name="propertyName">.text</prop>
		<prop name="pos">top</prop>
		<prop name="classID">Html.A</prop>								
	</object>
	
	
	<object name="contacts_link">
		<prop name="value">Contacts</prop>
		<prop name="type">link</prop>
		<prop name="propertyName">.text</prop>
		<prop name="classID">Html.A</prop>								
	</object>
	<object name="partners_link">
		<prop name="value">Partners</prop>
		<prop name="type">link</prop>
		<prop name="propertyName">.text</prop>
		<prop name="classID">Html.A</prop>								
	</object>
	<object name="currentSalesOrders_link">
		<prop name="value">Current sales orders</prop>
		<prop name="type">link</prop>
		<prop name="propertyName">.text</prop>
		<prop name="classID">Html.A</prop>								
	</object>
	<object name="allSalesOrders_link">
		<prop name="value">All sales orders</prop>
		<prop name="type">link</prop>
		<prop name="propertyName">.text</prop>
		<prop name="classID">Html.A</prop>								
	</object>
	<object name="softwareSubscription_link">
		<prop name="value">Software entitlements</prop>
		<prop name="type">link</prop>
		<prop name="propertyName">.text</prop>
		<prop name="classID">Html.A</prop>								
	</object>
	<object name="tag7084912_link">
		<prop name="value">7084912</prop>
		<prop name="type">link</prop>
		<prop name="propertyName">.text</prop>
		<prop name="classID">Html.A</prop>								
	</object>
</object>