<?xml version="1.0" encoding="UTF-8"?>
<object name="agreementDetailPage">
	<object name="allSites_link">
		<prop name="value">All sites</prop>
		<prop name="type">link</prop>
		<prop name="propertyName">.text</prop>
		<prop name="classID">Html.A</prop>								
	</object>
	<object name="tag_link">
		<prop name="value">link</prop>
		<prop name="type">link</prop>
		<prop name="propertyName">.text</prop>
		<prop name="classID">Html.A</prop>								
	</object>
	<object name="originatingSite_link">
		<prop name="value">Originating site</prop>
		<prop name="type">link</prop>
		<prop name="propertyName">.text</prop>
		<prop name="classID">Html.A</prop>								
	</object>
	<object name="softwareSubscription_link">
		<prop name="value">Software entitlements</prop>
		<prop name="type">link</prop>
		<prop name="propertyName">.text</prop>
		<prop name="classID">Html.A</prop>								
	</object>
	<object name="tag55556_link">
		<prop name="value">55556</prop>
		<prop name="type">link</prop>
		<prop name="propertyName">.text</prop>
		<prop name="classID">Html.A</prop>								
	</object>
	<object name="convergys_link">
		<prop name="value">Convergys</prop>
		<prop name="type">link</prop>
		<prop name="propertyName">.text</prop>
		<prop name="classID">Html.A</prop>								
	</object>
	<object name="tag7131453_link">
		<prop name="value">7131453</prop>
		<prop name="type">link</prop>
		<prop name="propertyName">.text</prop>
		<prop name="classID">Html.A</prop>								
	</object>
	<object name="currentView_link">
		<prop name="value">Current view</prop>
		<prop name="type">link</prop>
		<prop name="propertyName">.text</prop>
		<prop name="classID">Html.A</prop>								
	</object>
	<object name="allView_link">
		<prop name="value">All view</prop>
		<prop name="type">link</prop>
		<prop name="propertyName">.text</prop>
		<prop name="classID">Html.A</prop>								
	</object>
	<object name="View_link">
		<prop name="value">View </prop>
		<prop name="type">link</prop>
		<prop name="propertyName">.text</prop>
		<prop name="classID">Html.A</prop>								
	</object>
	<object name="View_link2">
		<prop name="value">View </prop>
		<prop name="type">link</prop>
		<prop name="propertyName">.text</prop>
		<prop name="pos">top+3</prop>
		<prop name="classID">Html.A</prop>								
	</object>
		<object name="View_link3">
		<prop name="value">View </prop>
		<prop name="type">link</prop>
		<prop name="propertyName">.text</prop>
		<prop name="pos">top+3</prop>		
		<prop name="classID">Html.A</prop>								
	</object>
	<object name="tagMichael_Weinig_AG_link">
		<prop name="value">Michael Weinig AG</prop>
		<prop name="type">link</prop>
		<prop name="propertyName">.text</prop>
		<prop name="classID">Html.A</prop>								
	</object>
	<object name="tag48640_link">
		<prop name="value">48640</prop>
		<prop name="type">link</prop>
		<prop name="propertyName">.text</prop>
		<prop name="classID">Html.A</prop>								
	</object>
	<object name="tag7070113_link">
		<prop name="value">7070113</prop>
		<prop name="type">link</prop>
		<prop name="propertyName">.text</prop>
		<prop name="classID">Html.A</prop>								
	</object>
	<object name="tag7156892_link">
		<prop name="value">7156892</prop>
		<prop name="type">link</prop>
		<prop name="propertyName">.text</prop>
		<prop name="classID">Html.A</prop>								
	</object>	
	<object name="tag0040332696_link">
		<prop name="value">0040332696</prop>
		<prop name="type">link</prop>
		<prop name="propertyName">.text</prop>
		<prop name="classID">Html.A</prop>								
	</object>
	<object name="tag0053031062_link">
		<prop name="value">0053031062</prop>
		<prop name="type">link</prop>
		<prop name="propertyName">.text</prop>
		<prop name="classID">Html.A</prop>								
	</object>		
	<object name="tag7019455_link">
		<prop name="value">7019455</prop>
		<prop name="type">link</prop>
		<prop name="propertyName">.text</prop>
		<prop name="classID">Html.A</prop>								
	</object>	
	<object name="tagArgyle_Diamond_Sales_Ltd_link">
		<prop name="value">Argyle Diamond Sales Ltd</prop>
		<prop name="type">link</prop>
		<prop name="propertyName">.text</prop>
		<prop name="classID">Html.A</prop>								
	</object>
	<object name="tag0077082864_link">
		<prop name="value">0077082864</prop>
		<prop name="type">link</prop>
		<prop name="propertyName">.text</prop>
		<prop name="classID">Html.A</prop>								
	</object>	
	<object name="tag0077082863_link">
		<prop name="value">0077082863</prop>
		<prop name="type">link</prop>
		<prop name="propertyName">.text</prop>
		<prop name="classID">Html.A</prop>								
	</object>
	<object name="tag0077082871_link">
		<prop name="value">0077082871</prop>
		<prop name="type">link</prop>
		<prop name="propertyName">.text</prop>
		<prop name="classID">Html.A</prop>								
	</object>	
</object>