<?xml version="1.0" encoding="UTF-8"?>
<object name="allEvolutionPage">
	<object name="StateFarmMA_link">
		<prop name="value">State Farm Mutual Automobile</prop>
		<prop name="type">link</prop>
		<prop name="propertyName">.text</prop>
		<prop name="classID">Html.A</prop>								
	</object>
	<object name="tag09382_link">
		<prop name="value">09382</prop>
		<prop name="type">link</prop>
		<prop name="propertyName">.text</prop>
		<prop name="classID">Html.A</prop>								
	</object>
	<object name="tag7017541_link">
		<prop name="value">7017541</prop>
		<prop name="type">link</prop>
		<prop name="propertyName">.text</prop>
		<prop name="classID">Html.A</prop>								
	</object>
	<object name="firstPartNumE03PILL_link">
		<prop name="value">AUR8VLL</prop>
		<prop name="type">link</prop>
		<prop name="propertyName">.text</prop>
		<prop name="pos">top</prop>
		<prop name="classID">Html.A</prop>								
	</object>
	<object name="firstOriginalPartNumE02Y4LL_link">
		<prop name="value">G12236</prop>
		<prop name="type">link</prop>
		<prop name="propertyName">.text</prop>
		<prop name="pos">top</prop>
		<prop name="classID">Html.A</prop>								
	</object>
	<object name="firstSalesOrder0052187812_link">
		<prop name="value">0050082266</prop>
		<prop name="type">link</prop>
		<prop name="propertyName">.text</prop>
		<prop name="pos">top</prop>
		<prop name="classID">Html.A</prop>								
	</object>
	<object name="firstPartNumE08A8LL_link">
		<prop name="value">D07YELL</prop>
		<prop name="type">link</prop>
		<prop name="propertyName">.text</prop>
		<prop name="pos">top</prop>
		<prop name="classID">Html.A</prop>								
	</object>	
	<object name="firstOriginalPartNumE02VMLL_link">
		<prop name="value">D07Y4LL</prop>
		<prop name="type">link</prop>
		<prop name="propertyName">.text</prop>
		<prop name="pos">top</prop>
		<prop name="classID">Html.A</prop>								
	</object>
	<object name="firstSalesOrder0053554671_link">
		<prop name="value">0053947204</prop>
		<prop name="type">link</prop>
		<prop name="propertyName">.text</prop>
		<prop name="pos">top</prop>
		<prop name="classID">Html.A</prop>								
	</object>	
</object>