<?xml version="1.0" encoding="UTF-8"?>
<object name="customerInfoPage">
	<object name="firstSiteNum7718221_link">
		<prop name="value">7718221</prop>
		<prop name="type">link</prop>
		<prop name="propertyName">.text</prop>
		<prop name="classID">Html.A</prop>							
	</object>
	<object name="tag7017541_link">
		<prop name="value">7017541</prop>
		<prop name="type">link</prop>
		<prop name="propertyName">.text</prop>
		<prop name="classID">Html.A</prop>							
	</object>
	<object name="tag3518864_link">
		<prop name="value">3518864</prop>
		<prop name="type">link</prop>
		<prop name="propertyName">.text</prop>
		<prop name="classID">Html.A</prop>							
	</object>		
</object>