<?xml version="1.0" encoding="UTF-8"?>
<object name="NewRelease104">

	<object name="tag00700_link">
		<prop name="value">00700</prop>
		<prop name="type">link</prop>
		<prop name="propertyName">.text</prop>
		<prop name="pos">top</prop>
		<prop name="classID">Html.A</prop>								
	</object>
		
		<object name="firstPartNumD0L26LL_link">
		<prop name="value">D0L26LL</prop>
		<prop name="type">link</prop>
		<prop name="propertyName">.text</prop>
		<prop name="pos">top</prop>
		<prop name="classID">Html.A</prop>								
	</object>
		
		<object name="tag0053529755_link">
		<prop name="value">0053529755</prop>
		<prop name="type">link</prop>
		<prop name="propertyName">.text</prop>
		<prop name="pos">top</prop>
		<prop name="classID">Html.A</prop>								
	</object>
		
		<object name="Thrivent_Financial_for_Lutherans_link">
		<prop name="value">Thrivent Financial for Lutherans</prop>
		<prop name="type">link</prop>
		<prop name="propertyName">.text</prop>
		<prop name="pos">top</prop>
		<prop name="classID">Html.A</prop>								
	
	</object>	
		<object name="firstSalesOrder_0053687003_link">
		<prop name="value">0053687003</prop>
		<prop name="type">link</prop>
		<prop name="propertyName">.text</prop>
		<prop name="pos">top</prop>
		<prop name="classID">Html.A</prop>								
	
	</object>	
		<object name="firstPartNumD0L25LL_link">
		<prop name="value">D0L25LL</prop>
		<prop name="type">link</prop>
		<prop name="propertyName">.text</prop>
		<prop name="pos">top</prop>
		<prop name="classID">Html.A</prop>								
	</object>
		
		<object name="firstPartNumD48XRML_link">
		<prop name="value">D48XRML</prop>
		<prop name="type">link</prop>
		<prop name="propertyName">.text</prop>
		<prop name="pos">top</prop>
		<prop name="classID">Html.A</prop>								
	
	</object>	
		<object name="ServicesAgreementNumber_0077080000_link">
		<prop name="value">0077080000</prop>
		<prop name="type">link</prop>
		<prop name="propertyName">.text</prop>
		<prop name="pos">top</prop>
		<prop name="classID">Html.A</prop>								
	</object>
</object>