<?xml version="1.0" encoding="UTF-8"?>
<object name="productSummaryPage">
	<object name="StateFarmMA_link">
		<prop name="value">State Farm Mutual Automobile</prop>
		<prop name="type">link</prop>
		<prop name="propertyName">.text</prop>
		<prop name="classID">Html.A</prop>								
	</object>
	<object name="tag09382_link">
		<prop name="value">09382</prop>
		<prop name="type">link</prop>
		<prop name="propertyName">.text</prop>
		<prop name="classID">Html.A</prop>								
	</object>
	<object name="tag7017541_link">
		<prop name="value">7017541</prop>
		<prop name="type">link</prop>
		<prop name="propertyName">.text</prop>
		<prop name="classID">Html.A</prop>								
	</object>
	<object name="viewProductByPart_link">
		<prop name="value">view product by part</prop>
		<prop name="type">link</prop>
		<prop name="propertyName">.text</prop>
		<prop name="pos">top</prop>
		<prop name="classID">Html.A</prop>								
	</object>
	<object name="viewAllEntitlements_link">
		<prop name="value">View all entitlements</prop>
		<prop name="type">link</prop>
		<prop name="propertyName">.text</prop>
		<prop name="pos">top</prop>
		<prop name="classID">Html.A</prop>								
	</object>
	<object name="partNumE01BTLL_link">
		<prop name="value">D53YHLL</prop>
		<prop name="type">link</prop>
		<prop name="propertyName">.text</prop>
		<prop name="pos">top</prop>
		<prop name="classID">Html.A</prop>								
	</object>
	<object name="salesTransaction_link">
		<prop name="value">Sales Transaction</prop>
		<prop name="type">link</prop>
		<prop name="propertyName">.text</prop>
		<prop name="pos">top</prop>
		<prop name="classID">Html.A</prop>								
	</object>
	<object name="next_link">
		<prop name="value">Next ></prop>
		<prop name="type">link</prop>
		<prop name="propertyName">.text</prop>
		<prop name="pos">top</prop>
		<prop name="classID">Html.A</prop>								
	</object>
</object>