<?xml version="1.0" encoding="UTF-8"?>
<data name="web" xmlns:xsi="http://www.w3.org/2001/XMLSchema-instance">
	<item key="fastPassHome">
		<value index="1">https://w3stage.sso.ibm.com/software/xl/fastpass/uat</value>
	</item>
	<item key="username">
		<value index="1">kezhu@cn.ibm.com</value>
	</item>
	<item key="password">
		<value index="1">5678tyui</value>
	</item>
	<item key="agreementNum1">
		<value index="1">55556</value>
	</item>
	<item key="agreementNum2">
		<value index="1">11531</value>
	</item>
	<item key="agreementNum3">
		<value index="1">446478</value>
	</item>
	<item key="agreementNum4">
		<value index="1">128370</value>
	</item>
	<item key="agreementNum5">
		<value index="1">95113</value>
	</item>
	<item key="agreementNum6">
		<value index="1">0000000096</value>
	</item>			
	<item key="customerName1">
		<value index="1">Kunta AVP</value>
	</item>
	<item key="customerName2">
		<value index="1">Connectria</value>
	</item>
	<item key="customerName3">
		<value index="1">ING</value>
	</item>
	<item key="customerName4">
		<value index="1">ING Insurance</value>
	</item>
	<item key="customerName5">
		<value index="1">nntp</value>
	</item>
	<item key="customerNum1">
		<value index="1">0956850</value>
	</item>
	<item key="customerNum2">
		<value index="1">401976</value>
	</item>
	<item key="customerNum3">
		<value index="1">256756</value>
	</item>
	<item key="postalCode1">
		<value index="1">78008</value>
	</item>
	<item key="postalCode2">
		<value index="1">313002</value>
	</item>
	<item key="postalCode3">
		<value index="1">02169</value>
	</item>
	<item key="postalCode4">
		<value index="1">97865</value>
	</item>
	<item key="siteNumber1">
		<value index="1">7131453</value>
	</item>
	<item key="siteNumber2">
		<value index="1">7254326</value>
	</item>
	<item key="siteNumber3">
		<value index="1">7023461</value>
	</item>
	<item key="siteNumber4">
		<value index="1">0007052069</value>
	</item>	
	<item key="siteNumber5">
		<value index="1">7482658</value>
	</item>
	<item key="siteNumber6">
		<value index="1">7011428</value>
	</item>		
	<item key="sortByCustomerName">
		<value index="1">Customer name</value>
	</item>
	<item key="sortByAgreementOrSiteNum">
		<value index="1">Agreement/Site number</value>
	</item>
	<item key="sortByCountry">
		<value index="1">Country</value>
	</item>
</data>