<?xml version="1.0" encoding="UTF-8"?>
<data name="web" xmlns:xsi="http://www.w3.org/2001/XMLSchema-instance">
	<item key="fastPassHome">
		<value index="1">https://w3stage.sso.ibm.com/software/xl/fastpass/uat</value>
	</item>
	<item key="username">
		<value index="1">kezhu@cn.ibm.com</value>
	</item>
	<item key="password">
		<value index="1">5678tyui</value>
	</item>
	<item key="salesOrderNum1">
		<value index="1">0053529755</value>
	</item>
	<item key="salesOrderNum2">
		<value index="1">0053598827</value>
	</item>
	<item key="salesOrderNum3">
		<value index="1">0053976979</value>
	</item>
	<item key="salesOrderNum4">
		<value index="1">0053889227</value>
	</item>	
	<item key="servicesAgreementNum1">
		<value index="1">0077080000</value>
	</item>	
	<item key="servicesAgreementNum2">
		<value index="1">0077080027</value>
	</item>		
	
	<item key="dropList1AllEntitlements">
		<value index="1">All entitlements</value>
	</item>	
	<item key="customerNum2">
		<value index="1">118092</value>
	</item>	
	<item key="customerNum3">
		<value index="1">306125</value>
	</item>
	<item key="customerNum4">
		<value index="1">8407288</value>
	</item>
	<item key="customerNum5">
		<value index="1">6520564</value>
	</item>	
	<item key="siteNumber1">
		<value index="1">7645090</value>
	</item>
	<item key="siteNumber2">
		<value index="1">7887612</value>
	</item>
	<item key="siteNumber3">
		<value index="1">3002620</value>
	</item>
	<item key="siteNumber4">
		<value index="1">7616445</value>
	</item>	
	<item key="siteNumber5">
		<value index="1">7116355</value>
	</item>
	<item key="salesOrderNum5">
		<value index="1">0053765094</value>
	</item>
	<item key="servicesAgreementNum3">
		<value index="1">0077082114</value>
	</item>		
</data>