﻿<?xml version="1.0" encoding="UTF-8"?>
<data name="FastPassPages" xmlns:xsi="http://www.w3.org/2001/XMLSchema-instance"> 
<item key="username"><value index="1">kezhu@cn.ibm.com</value></item>
<item key="password"><value index="1">4567rtyu</value></item>
<item key="form01"><value index="1"> 				w3-sso.toronto.ca.ibm.com/software/xl/fastpass/uat/names.nsf?Login                              	</value></item>
<item key="form02"><value index="1"> 				w3-sso.toronto.ca.ibm.com/software/xl/fastpass/uat/                                             	</value></item>
<item key="form03"><value index="1"> 				w3-sso.toronto.ca.ibm.com/software/xl/fastpass/uat/fphome.nsf/feedback?openform                 	</value></item>
<item key="form04"><value index="1"> 				w3-sso.toronto.ca.ibm.com/software/xl/fastpass/uat/fphome.nsf/accessrqst?openform&amp;login         	</value></item>
<item key="form05"><value index="1"> 				w3-sso.toronto.ca.ibm.com/software/xl/fastpass/uat/fphome.nsf/rqstsubmitted?openform            	</value></item>
<item key="form06"><value index="1"> 				w3-sso.toronto.ca.ibm.com/software/xl/fastpass/uat/fphome.nsf/bptfbpi?openform&amp;login            	</value></item>
<item key="form07"><value index="1"> 				w3-sso.toronto.ca.ibm.com/software/xl/fastpass/uat/fphome.nsf/requestsubmittedbpi?openform      	</value></item>
<item key="form08"><value index="1"> 				w3-sso.toronto.ca.ibm.com/software/xl/fastpass/uat/fphome.nsf/nofind?openform                   	</value></item>
<item key="form09"><value index="1"> 				w3-sso.toronto.ca.ibm.com/software/xl/fastpass/uat/fastpass/fastpass.nsf/customers?openform     	</value></item>
<item key="form10"><value index="1"> 				w3-sso.toronto.ca.ibm.com/software/xl/fastpass/uat/fastpass/fastpass.nsf/agreements?openform    	</value></item>
<item key="form11"><value index="1"> 				w3-sso.toronto.ca.ibm.com/software/xl/fastpass/uat/fastpass/fastpass.nsf/entitlements?openform  	</value></item>
<item key="form12"><value index="1"> 				w3-sso.toronto.ca.ibm.com/software/xl/fastpass/uat/fastpass/fastpass.nsf/salesorders?openform   	</value></item>
<item key="form13"><value index="1"> 				w3-sso.toronto.ca.ibm.com/software/xl/fastpass/uat/fphome.nsf/fpaccessmain?openform&amp;login       	</value></item>
<item key="form14"><value index="1"> 				w3-sso.toronto.ca.ibm.com/software/xl/fastpass/uat/fastpass/fastpass.nsf/RemoveAccess?openform  	</value></item>
<item key="agent01"><value index="1">				w3-sso.toronto.ca.ibm.com/software/xl/fastpass/uat/fastpass/fastpass.nsf/CustForRslr?openagent&amp;cust_num=0007000690                                                                                                                                                 	</value></item>
<item key="agent02"><value index="1">				w3-sso.toronto.ca.ibm.com/software/xl/fastpass/uat/fastpass/fastpass.nsf/CustInfoForPrtnr?openagent&amp;cust_num=0007000690                                                                                                                                            	</value></item>
<item key="agent03"><value index="1">				w3-sso.toronto.ca.ibm.com/software/xl/fastpass/uat/fastpass/fastpass.nsf/EntitlemtAlloctnActvForSAPID?openagent&amp;cust_num=0007139841&amp;agree_num=0000008301&amp;ibm_cust_num=1513000&amp;program=PA                                                                           	</value></item>
<item key="agent04"><value index="1">				w3-sso.toronto.ca.ibm.com/software/xl/fastpass/uat/fastpass/fastpass.nsf/EntitlemtAlloctnAllForSAPID?openagent&amp;cust_num=0007139841&amp;agree_num=0000008301&amp;ibm_cust_num=1513000&amp;program=PA                                                                            	</value></item>
<item key="agent05"><value index="1">				w3-sso.toronto.ca.ibm.com/software/xl/fastpass/uat/fastpass/fastpass.nsf/EntitlemtAlloctnForPart?openagent&amp;cust_num=0007139841&amp;agree_num=0000008301&amp;ibm_cust_num=1513000&amp;program=PA&amp;part_num=D561HLL                                                               	</value></item>
<item key="agent06"><value index="1">				w3-sso.toronto.ca.ibm.com/software/xl/fastpass/uat/fastpass/fastpass.nsf/EntitlemtEvoltnActvForSAPID?openagent&amp;ibm_cust_num=160951&amp;agree_num=0000151688&amp;program=PA&amp;cust_num=0007799087                                                                             	</value></item>
<item key="agent07"><value index="1">				w3-sso.toronto.ca.ibm.com/software/xl/fastpass/uat/fastpass/fastpass.nsf/EntitlemtEvoltnAllForSAPID?openagent&amp;cust_num=0007147772&amp;agree_num=0000055495&amp;ibm_cust_num=205857&amp;program=PA                                                                              	</value></item>
<item key="agent08"><value index="1">				w3-sso.toronto.ca.ibm.com/software/xl/fastpass/uat/fastpass/fastpass.nsf/EntitlemtEvoltnForPart?openagent&amp;cust_num=0007147772&amp;agree_num=0000055495&amp;ibm_cust_num=205857&amp;program=PA&amp;part_num=E01MLLL                                                                 	</value></item>
<item key="agent09"><value index="1">				w3-sso.toronto.ca.ibm.com/software/xl/fastpass/uat/fastpass/fastpass.nsf/EntitlemtActvForSAPID?openagent&amp;ibm_cust_num=7057990&amp;agree_num=0000010691&amp;program=PA&amp;cust_num=0007019463                                                                                  	</value></item>
<item key="agent10"><value index="1">				w3-sso.toronto.ca.ibm.com/software/xl/fastpass/uat/fastpass/fastpass.nsf/EntitlemtAllForSAPID?openagent&amp;agree_num=0000055495&amp;cust_num=0007147772&amp;ibm_cust_num=205857&amp;program=PA                                                                                    	</value></item>
<item key="agent11"><value index="1">				w3-sso.toronto.ca.ibm.com/software/xl/fastpass/uat/fastpass/fastpass.nsf/EntitlemtAllForPart?openagent&amp;agree_num=0000055495&amp;cust_num=0007147772&amp;ibm_cust_num=205857&amp;program=PA&amp;part_num=D5AQPLL&amp;proc_code=CONULMTD&amp;proc_code_dscr=DB2+Connect+Unlimited++Ed        	</value></item>
<item key="agent12"><value index="1">				w3-sso.toronto.ca.ibm.com/software/xl/fastpass/uat/fastpass/fastpass.nsf/EntitlemtSalesTransActvForSAPID?openagent&amp;ibm_cust_num=7057990&amp;agree_num=0000010691&amp;program=PA&amp;cust_num=0007019463                                                                        	</value></item>
<item key="agent13"><value index="1">				w3-sso.toronto.ca.ibm.com/software/xl/fastpass/uat/fastpass/fastpass.nsf/EntitlemtSalesTransAllForSAPID?openagent&amp;ibm_cust_num=7057990&amp;agree_num=0000010691&amp;program=PA&amp;cust_num=0007019463                                                                         	</value></item>
<item key="agent14"><value index="1">				w3-sso.toronto.ca.ibm.com/software/xl/fastpass/uat/fastpass/fastpass.nsf/EntitlemtSalesTransForPart?openagent&amp;cust_num=0007147772&amp;agree_num=0000055495&amp;ibm_cust_num=205857&amp;program=PA&amp;part_num=E01MJLL                                                             	</value></item>
<item key="agent15"><value index="1">				w3-sso.toronto.ca.ibm.com/software/xl/fastpass/uat/fastpass/fastpass.nsf/EntmtSbscrptnPartInfoForProd?openagent&amp;cust_num=0007147772&amp;agree_num=0000055495&amp;proc_code=CONULMTD&amp;program=PA                                                                             	</value></item>
<item key="agent16"><value index="1">				w3-sso.toronto.ca.ibm.com/software/xl/fastpass/uat/fastpass/fastpass.nsf/InfoForContact?openagent&amp;cust_num=0007019455&amp;agree_num=0000010691&amp;type=CUSTOMER&amp;program=PA                                                                                                	</value></item>
<item key="agent17"><value index="1">				w3-sso.toronto.ca.ibm.com/software/xl/fastpass/uat/fastpass/fastpass.nsf/InfoForContract?openagent&amp;agree_num=0000094437&amp;program=PA                                                                                                                                 	</value></item>
<item key="agent18"><value index="1">				w3-sso.toronto.ca.ibm.com/software/xl/fastpass/uat/fastpass/fastpass.nsf/InfoForCust?openagent&amp;cust_num=0007019455                                                                                                                                                 	</value></item>
<item key="agent19"><value index="1">				w3-sso.toronto.ca.ibm.com/software/xl/fastpass/uat/fastpass/fastpass.nsf/InfoForCustAcqrd?openagent&amp;cust_num=0007466473                                                                                                                                            	</value></item>
<item key="agent20"><value index="1">				w3-sso.toronto.ca.ibm.com/software/xl/fastpass/uat/fastpass/fastpass.nsf/InfoForEnterprise?openagent&amp;enterprise_num=7060000&amp;program=ALL                                                                                                                            	</value></item>
<item key="agent21"><value index="1">				w3-sso.toronto.ca.ibm.com/software/xl/fastpass/uat/fastpass/fastpass.nsf/InfoForOEMDistribtn?OpenAgent&amp;agree_num=0000142576&amp;cust_num=0007434353&amp;sales_ord_num=0051355828&amp;program=PA                                                                                	</value></item>
<item key="agent22"><value index="1">				w3-sso.toronto.ca.ibm.com/software/xl/fastpass/uat/fastpass/fastpass.nsf/EntmtSbscrptnProd?openagent&amp;cust_num=0007147772&amp;agree_num=0000055495&amp;program=PA                                                                                                           	</value></item>
<item key="agent23"><value index="1">				w3-sso.toronto.ca.ibm.com/software/xl/fastpass/uat/fastpass/fastpass.nsf/InfoForOEMEndUser?openagent&amp;cust_num=0007019455                                                                                                                                           	</value></item>
<item key="agent24"><value index="1">				w3-sso.toronto.ca.ibm.com/software/xl/fastpass/uat/fastpass/fastpass.nsf/InfoForOpprtntyNum?openagent&amp;opprtnty_num=022021X60&amp;program=ALL                                                                                                                           	</value></item>
<item key="agent25"><value index="1">				w3-sso.toronto.ca.ibm.com/software/xl/fastpass/uat/fastpass/fastpass.nsf/InfoForOrigSite?openagent&amp;agree_num=0000094437&amp;program=PA                                                                                                                                 	</value></item>
<item key="agent26"><value index="1">				w3-sso.toronto.ca.ibm.com/software/xl/fastpass/uat/fastpass/fastpass.nsf/InfoForPart?openagent&amp;part_num=E02Y4LL&amp;sap_org_code=0412                                                                                                                                  	</value></item>
<item key="agent27"><value index="1">				w3-sso.toronto.ca.ibm.com/software/xl/fastpass/uat/fastpass/fastpass.nsf/InfoForPartner?openagent&amp;cust_num=0007019455&amp;agree_num=0000010691&amp;type=CONTRACT&amp;program=PA                                                                                                	</value></item>
<item key="agent28PA"><value index="1">			w3-sso.toronto.ca.ibm.com/software/xl/fastpass/uat/fastpass/fastpass.nsf/InfoForSalesOrder?openagent&amp;sales_ord_num=0051312924                                                                                                                                   	</value></item>
<item key="agent28PX"><value index="1">			w3-sso.toronto.ca.ibm.com/software/xl/fastpass/uat/fastpass/fastpass.nsf/InfoForSalesOrder?openagent&amp;sales_ord_num=0051634436                                                                                                                                   	</value></item>
<item key="agent28FC"><value index="1">			w3-sso.toronto.ca.ibm.com/software/xl/fastpass/uat/fastpass/fastpass.nsf/InfoForSalesOrder?openagent&amp;sales_ord_num=0040437019                                                                                                                                   	</value></item>
<item key="agent29"><value index="1">				w3-sso.toronto.ca.ibm.com/software/xl/fastpass/uat/fastpass/fastpass.nsf/InfoForSAPID?openagent&amp;agree_num=0000010691&amp;cust_num=0007019455&amp;program=PA                                                                                                                	</value></item>
<item key="agent30"><value index="1">				w3-sso.toronto.ca.ibm.com/software/xl/fastpass/uat/fastpass/fastpass.nsf/InfoForSpeclBidNum?openagent&amp;amp;nim_specl_bid_offerg_num=**+*OEM+CONTRACT+PRICING&amp;program=ALL                                                                                            	</value></item>
<item key="agent31"><value index="1">				w3-sso.toronto.ca.ibm.com/software/xl/fastpass/uat/fastpass/fastpass.nsf/InfoHistorical?openagent&amp;cust_num=0007242348&amp;agree_num=0000094437&amp;program=PA                                                                                                              	</value></item>
<item key="agent32"><value index="1">				w3-sso.toronto.ca.ibm.com/software/xl/fastpass/uat/fastpass/fastpass.nsf/MediaDlvryDetail?openagent&amp;sales_ord_num=0051396531                                                                                                                                       	</value></item>
<item key="agent33"><value index="1">				w3-sso.toronto.ca.ibm.com/software/xl/fastpass/uat/fastpass/fastpass.nsf/OrdersForSAPID?openagent&amp;cust_num=0007019455&amp;agree_num=0000010691&amp;program=PA                                                                                                              	</value></item>
<item key="agent34"><value index="1">				w3-sso.toronto.ca.ibm.com/software/xl/fastpass/uat/fastpass/fastpass.nsf/SubDlvryDetail?openagent&amp;label_ref_num=0001755436&amp;projtd_ship_date=2004-05-04+00:00:00.000000&amp;program=PA                                                                                  	</value></item>
<item key="agent35"><value index="1">				w3-sso.toronto.ca.ibm.com/software/xl/fastpass/uat/fastpass/fastpass.nsf/SubDlvryForSAPID?openagent&amp;cust_num=0007139841&amp;agree_num=0000008301&amp;program=PA                                                                                                            	</value></item>
<item key="agent36Agreement_search_information_Sorted_by"><value index="1">	w3-sso.toronto.ca.ibm.com/software/xl/fastpass/uat/fastpass/fastpass.nsf/Agreement+Request?openagent&amp;amp;where=v.cust_num=*+*0007116355*+*&amp;amp;orderby=cust_name_full_uprcse+ASC&amp;amp;program=ALL                            	</value></item>
<item key="agent36Agreement_details"><value index="1">		w3-sso.toronto.ca.ibm.com/software/xl/fastpass/uat/fastpass/fastpass.nsf/Agreement+Request?openagent&amp;amp;where=sap_ctrct_num=*+*0000010691*+*&amp;amp;orderby=cust_name_full_uprcse+ASC&amp;amp;program=PA                                               	</value></item>
<item key="agent36Agreement_details_Not_applicable"><value index="1">	w3-sso.toronto.ca.ibm.com/software/xl/fastpass/uat/fastpass/fastpass.nsf//Agreement+Request?openagent&amp;amp;where=v.cust_num=*+*0007116355*+*&amp;amp;orderby=cust_name_full_uprcse+ASC&amp;amp;program=FC                                  	</value></item>
<item key="agent37"><value index="1">				w3-sso.toronto.ca.ibm.com/software/xl/fastpass/uat/fastpass/fastpass.nsf/Customer+Request?openagent&amp;amp;where=cust_name_full_uprcse+like+*+*21ST%*+*&amp;amp;orderby=cust_name_full_uprcse+ASC                                                                         	</value></item>
<item key="agent38"><value index="1">				w3-sso.toronto.ca.ibm.com/software/xl/fastpass/uat/fastpass/fastpass.nsf/Entitlement+Request?openagent&amp;amp;where=sap_ctrct_num=*+*0000010691*+*&amp;amp;orderby=cust_name_full_uprcse+ASC&amp;amp;program=ALL                                                              	</value></item>
<item key="help01"><value index="1">											w3-sso.toronto.ca.ibm.com/software/xl/fastpass/uat/fastpass/fphelp.nsf/html/can_i_use_fastpass_if_i_am_assigned_to_work_at_a_business_partner.html         	</value></item>
<item key="help02"><value index="1">											w3-sso.toronto.ca.ibm.com/software/xl/fastpass/uat/fastpass/fphelp.nsf/html/can_i_use_fastpass_to_create_a_report.html                                     	</value></item>
<item key="help03"><value index="1">											w3-sso.toronto.ca.ibm.com/software/xl/fastpass/uat/fastpass/fphelp.nsf/html/can_i_use_wildcard_characters_in_a_search.html                                 	</value></item>
<item key="help04"><value index="1">											w3-sso.toronto.ca.ibm.com/software/xl/fastpass/uat/fastpass/fphelp.nsf/html/how_are_anniversarytodate_points_calculated.html                               	</value></item>
<item key="help05"><value index="1">											w3-sso.toronto.ca.ibm.com/software/xl/fastpass/uat/fastpass/fphelp.nsf/html/saving_as_ms_word_document.html                                                	</value></item>
<item key="help06"><value index="1">											w3-sso.toronto.ca.ibm.com/software/xl/fastpass/uat/fastpass/fphelp.nsf/html/how_can_i_tell_if_i_have_access_to_fastpass.html                               	</value></item>
<item key="help07"><value index="1">											w3-sso.toronto.ca.ibm.com/software/xl/fastpass/uat/fastpass/fphelp.nsf/html/how_can_i_verify_that_orders_have_been_corrected_migrated.html                 	</value></item>
<item key="help08"><value index="1">											w3-sso.toronto.ca.ibm.com/software/xl/fastpass/uat/fastpass/fphelp.nsf/html/how_do_i_change_a_contact_in_fastpass.html                                     	</value></item>
<item key="help09"><value index="1">											w3-sso.toronto.ca.ibm.com/software/xl/fastpass/uat/fastpass/fphelp.nsf/html/how_do_i_correct_an_isu_code_in_fastpass.html                                  	</value></item>
<item key="help10"><value index="1">											w3-sso.toronto.ca.ibm.com/software/xl/fastpass/uat/fastpass/fphelp.nsf/html/how_do_i_set_or_change_my_password.html                                        	</value></item>
<item key="help11"><value index="1">											w3-sso.toronto.ca.ibm.com/software/xl/fastpass/uat/fastpass/fphelp.nsf/html/how_do_i_enable_javascript.html                                                	</value></item>
<item key="help12"><value index="1">											w3-sso.toronto.ca.ibm.com/software/xl/fastpass/uat/fastpass/fphelp.nsf/html/how_do_i_request_access_to_fastpass.html                                       	</value></item>
<item key="help13"><value index="1">											w3-sso.toronto.ca.ibm.com/software/xl/fastpass/uat/fastpass/fphelp.nsf/html/how_do_i_request_removal_of_fastpass_access.html                               	</value></item>
<item key="help14"><value index="1">											w3-sso.toronto.ca.ibm.com/software/xl/fastpass/uat/fastpass/fphelp.nsf/html/how_do_i_terminate_access_for_an_employee.html                                 	</value></item>
<item key="help15"><value index="1">											w3-sso.toronto.ca.ibm.com/software/xl/fastpass/uat/fastpass/fphelp.nsf/html/how_do_i_update_the_data_in_fastpass.html                                      	</value></item>
<item key="help16"><value index="1">											w3-sso.toronto.ca.ibm.com/software/xl/fastpass/uat/fastpass/fphelp.nsf/html/how_do_the_search_forms_work.html                                              	</value></item>
<item key="help17"><value index="1">											w3-sso.toronto.ca.ibm.com/software/xl/fastpass/uat/fastpass/fphelp.nsf/html/how_frequently_is_the_data_in_fastpass_updated.html                            	</value></item>
<item key="help18"><value index="1">											w3-sso.toronto.ca.ibm.com/software/xl/fastpass/uat/fastpass/fphelp.nsf/html/how_is_prior_part_quantity_calculated_on_evolution_page.html                   	</value></item>
<item key="help19"><value index="1">											w3-sso.toronto.ca.ibm.com/software/xl/fastpass/uat/fastpass/fphelp.nsf/html/how_often_is_my_access_to_fastpass_revalidated.html                            	</value></item>
<item key="help20"><value index="1">											w3-sso.toronto.ca.ibm.com/software/xl/fastpass/uat/fastpass/fphelp.nsf/html/what_types_of_entitlements_display_in_fastpass.html                            	</value></item>
<item key="help21"><value index="1">											w3-sso.toronto.ca.ibm.com/software/xl/fastpass/uat/fastpass/fphelp.nsf/html/what_are_the_valid_status_values_for_the_program_indicator_fields.html         	</value></item>
<item key="help22"><value index="1">											w3-sso.toronto.ca.ibm.com/software/xl/fastpass/uat/fastpass/fphelp.nsf/html/what_defines_a_current_sales_order.html                                        	</value></item>
<item key="help23"><value index="1">											w3-sso.toronto.ca.ibm.com/software/xl/fastpass/uat/fastpass/fphelp.nsf/html/what_does_a_status_of_pending_mean.html                                        	</value></item>
<item key="help24"><value index="1">											w3-sso.toronto.ca.ibm.com/software/xl/fastpass/uat/fastpass/fphelp.nsf/html/in_agreement_site_information_what_does_an_x_in_esd_tax_doc_confirmed_mean.html	</value></item>
<item key="help25"><value index="1">											w3-sso.toronto.ca.ibm.com/software/xl/fastpass/uat/fastpass/fphelp.nsf/html/what_does_the_message_quantity_includes_an_evolution_and_at_least_one_other_tra	</value></item>
<item key="help26"><value index="1">											w3-sso.toronto.ca.ibm.com/software/xl/fastpass/uat/fastpass/fphelp.nsf/html/what_is_a_migration.html                                                       	</value></item>
<item key="help27"><value index="1">											w3-sso.toronto.ca.ibm.com/software/xl/fastpass/uat/fastpass/fphelp.nsf/html/what_is_a_nonpurchasing_site.html                                              	</value></item>
<item key="help28"><value index="1">											w3-sso.toronto.ca.ibm.com/software/xl/fastpass/uat/fastpass/fphelp.nsf/html/what_is_an_acquisition_customer_number.html                                    	</value></item>
<item key="help29"><value index="1">											w3-sso.toronto.ca.ibm.com/software/xl/fastpass/uat/fastpass/fphelp.nsf/html/what_is_an_inactive_site.html                                                  	</value></item>
<item key="help30"><value index="1">											w3-sso.toronto.ca.ibm.com/software/xl/fastpass/uat/fastpass/fphelp.nsf/html/what_is_an_originating_site.html                                               	</value></item>
<item key="help31"><value index="1">											w3-sso.toronto.ca.ibm.com/software/xl/fastpass/uat/fastpass/fphelp.nsf/html/what_is_nonstandard_pricing.html                                               	</value></item>
<item key="help32"><value index="1">											w3-sso.toronto.ca.ibm.com/software/xl/fastpass/uat/fastpass/fphelp.nsf/html/what_is_the_direct_marketing_agreement_field.html                              	</value></item>
<item key="help33"><value index="1">											w3-sso.toronto.ca.ibm.com/software/xl/fastpass/uat/fastpass/fphelp.nsf/html/what_is_the_enterprise_number.html                                             	</value></item>
<item key="help34"><value index="1">											w3-sso.toronto.ca.ibm.com/software/xl/fastpass/uat/fastpass/fphelp.nsf/html/what_is_the_marketing_contact_indicator.html                                   	</value></item>
<item key="help35"><value index="1">											w3-sso.toronto.ca.ibm.com/software/xl/fastpass/uat/fastpass/fphelp.nsf/html/what_is_the_purpose_of_the_all_line_items_billed_field.html                    	</value></item>
<item key="help36"><value index="1">											w3-sso.toronto.ca.ibm.com/software/xl/fastpass/uat/fastpass/fphelp.nsf/html/what_is_the_subscription_id.html                                               	</value></item>
<item key="help37"><value index="1">											w3-sso.toronto.ca.ibm.com/software/xl/fastpass/uat/fastpass/fphelp.nsf/html/where_do_i_not_see_historical_entitlements.html                                	</value></item>
<item key="help38"><value index="1">											w3-sso.toronto.ca.ibm.com/software/xl/fastpass/uat/fastpass/fphelp.nsf/html/which_browsers_can_i_use_with_fastpass.html                                    	</value></item>
<item key="help39"><value index="1">											w3-sso.toronto.ca.ibm.com/software/xl/fastpass/uat/fastpass/fphelp.nsf/html/which_orders_are_included_in_the_sales_order_view.html                         	</value></item>
<item key="help40"><value index="1">											w3-sso.toronto.ca.ibm.com/software/xl/fastpass/uat/fastpass/fphelp.nsf/html/whom_do_i_contact_if_i_have_a_problem.html                                     	</value></item>
<item key="help41"><value index="1">											w3-sso.toronto.ca.ibm.com/software/xl/fastpass/uat/fastpass/fphelp.nsf/html/why_are_the_passport_advantage_details_listed_last_on_the_customer_details_page	</value></item>
<item key="help42"><value index="1">											w3-sso.toronto.ca.ibm.com/software/xl/fastpass/uat/fastpass/fphelp.nsf/html/why_are_there_no_orders_for_some_subscription_entitlements.html                	</value></item>
<item key="help43"><value index="1">											w3-sso.toronto.ca.ibm.com/software/xl/fastpass/uat/fastpass/fphelp.nsf/html/why_do_i_see_sales_orders_with_a_zero_quantity_under_subscription_and_support_entitlements.html </value></item>
<item key="help44"><value index="1">											w3-sso.toronto.ca.ibm.com/software/xl/fastpass/uat/fastpass/fphelp.nsf/html/why_cant_i_view_contacts.html                                                  	</value></item>
<item key="help45"><value index="1">											w3-sso.toronto.ca.ibm.com/software/xl/fastpass/uat/fastpass/fphelp.nsf/html/why_did_the_contact_labels_change.html                                         	</value></item>
<item key="help46"><value index="1">											w3-sso.toronto.ca.ibm.com/software/xl/fastpass/uat/fastpass/fphelp.nsf/html/why_are_contacts_duplicated_in_fastpass.html                                   	</value></item>
<item key="help47"><value index="1">											w3-sso.toronto.ca.ibm.com/software/xl/fastpass/uat/fastpass/fphelp.nsf/html/why_do_site_numbers_no_longer_start_with_a_7.html                              	</value></item>
<item key="help48"><value index="1">											w3-sso.toronto.ca.ibm.com/software/xl/fastpass/uat/fastpass/fphelp.nsf/html/why_do_some_orders_in_the_associated_sales_transactions_column_not_have_a_link.	</value></item>
<item key="help49"><value index="1">											w3-sso.toronto.ca.ibm.com/software/xl/fastpass/uat/fastpass/fphelp.nsf/html/why_do_the_contact_descriptions_in_fastpass_differ_from_pa_online.html         	</value></item>
<item key="help50"><value index="1">											w3-sso.toronto.ca.ibm.com/software/xl/fastpass/uat/fastpass/fphelp.nsf/html/why_doesnt_my_customer_show_up_in_fastpass.html                                	</value></item>
<item key="help51"><value index="1">											w3-sso.toronto.ca.ibm.com/software/xl/fastpass/uat/fastpass/fphelp.nsf/html/why_dont_i_see_maintenance_entitlements_orders_in_the_sales_order_views.html   	</value></item>
<item key="help52"><value index="1">											w3-sso.toronto.ca.ibm.com/software/xl/fastpass/uat/fastpass/fphelp.nsf/html/why_dont_quantities_in_active_entitlements_and_all_orders_views_match.html     	</value></item>
<item key="help53"><value index="1">											w3-sso.toronto.ca.ibm.com/software/xl/fastpass/uat/fastpass/fphelp.nsf/html/why_is_the_term_maintenance_associated_with_entitlements.html                  	</value></item>
<item key="help54"><value index="1">											w3-sso.toronto.ca.ibm.com/software/xl/fastpass/uat/fastpass/fphelp.nsf/html/why_is_the_term_not_applicable_used.html                                       	</value></item>
<item key="help55"><value index="1">											w3-sso.toronto.ca.ibm.com/software/xl/fastpass/uat/fastpass/fphelp.nsf/html/why_must_a_customer_acquisition_number_be_entered_exactly.html                 	</value></item>
<item key="help56"><value index="1">											w3-sso.toronto.ca.ibm.com/software/xl/fastpass/uat/fastpass/fphelp.nsf/html/why_was_ibm_other_renamed_to_flexible_contract_type.html                       	</value></item>
<item key="help57"><value index="1">											w3-sso.toronto.ca.ibm.com/software/xl/fastpass/uat/fastpass/fphelp.nsf/html/will_i_lose_access_to_fastpass_if_my_name_changes.html                         	</value></item>
<item key="help58"><value index="1">											w3-sso.toronto.ca.ibm.com/software/xl/fastpass/uat/fastpass/fphelp.nsf/html/agreements_search.html                                                         	</value></item>
<item key="help59"><value index="1">											w3-sso.toronto.ca.ibm.com/software/xl/fastpass/uat/fastpass/fphelp.nsf/html/customers_search.html                                                          	</value></item>
<item key="help60"><value index="1">											w3-sso.toronto.ca.ibm.com/software/xl/fastpass/uat/fastpass/fphelp.nsf/html/search_screens.html                                                            	</value></item>
<item key="help61"><value index="1">											w3-sso.toronto.ca.ibm.com/software/xl/fastpass/uat/fastpass/fphelp.nsf/html/entitlement_views.html                                                         	</value></item>
<item key="help62"><value index="1">											w3-sso.toronto.ca.ibm.com/software/xl/fastpass/uat/fastpass/fphelp.nsf/html/allocation_views.html                                                          	</value></item>
<item key="help63"><value index="1">											w3-sso.toronto.ca.ibm.com/software/xl/fastpass/uat/fastpass/fphelp.nsf/html/evolution_views.html                                                           	</value></item>
<item key="help64"><value index="1">											w3-sso.toronto.ca.ibm.com/software/xl/fastpass/uat/fastpass/fphelp.nsf/html/sales_transaction_views.html                                                   	</value></item>
<item key="help65"><value index="1">											w3-sso.toronto.ca.ibm.com/software/xl/fastpass/uat/fastpass/fphelp.nsf/html/entitlements_overview.html                                                     	</value></item>
<item key="help66"><value index="1">											w3-sso.toronto.ca.ibm.com/software/xl/fastpass/uat/fastpass/fphelp.nsf/html/exporting_data.html                                                            	</value></item>
<item key="help67"><value index="1">											w3-sso.toronto.ca.ibm.com/software/xl/fastpass/uat/fastpass/fphelp.nsf/html/fastpass_home_page.html                                                        	</value></item>
<item key="help68"><value index="1">											w3-sso.toronto.ca.ibm.com/software/xl/fastpass/uat/fastpass/fphelp.nsf/html/ibm_other_search.html                                                          	</value></item>
<item key="help69"><value index="1">											w3-sso.toronto.ca.ibm.com/software/xl/fastpass/uat/fastpass/fphelp.nsf/html/passport_advantage_express_search.html                                         	</value></item>
<item key="help70"><value index="1">											w3-sso.toronto.ca.ibm.com/software/xl/fastpass/uat/fastpass/fphelp.nsf/html/passport_advantage_search.html                                                 	</value></item>
<item key="help71"><value index="1">											w3-sso.toronto.ca.ibm.com/software/xl/fastpass/uat/fastpass/fphelp.nsf/html/printing.html                                                                  	</value></item>
<item key="help72"><value index="1">											w3-sso.toronto.ca.ibm.com/software/xl/fastpass/uat/fastpass/fphelp.nsf/html/removing_access_from_fastpass.html	</value></item>
<item key="help73"><value index="1">											w3-sso.toronto.ca.ibm.com/software/xl/fastpass/uat/fastpass/fphelp.nsf/html/how_do_you_request_access.html                                                 	</value></item>
<item key="help74"><value index="1">											w3-sso.toronto.ca.ibm.com/software/xl/fastpass/uat/fastpass/fphelp.nsf/html/what_is_bpi_access_and_how_do_you_get_it.html                                  	</value></item>
<item key="help75"><value index="1">											w3-sso.toronto.ca.ibm.com/software/xl/fastpass/uat/fastpass/fphelp.nsf/html/sales_orders_search.html                                                       	</value></item>
<item key="help76"><value index="1">											w3-sso.toronto.ca.ibm.com/software/xl/fastpass/uat/fastpass/fphelp.nsf/html/search_form_details.html                                                       	</value></item>
<item key="help77"><value index="1">											w3-sso.toronto.ca.ibm.com/software/xl/fastpass/uat/fastpass/fphelp.nsf/html/setting_your_password.html                                                     	</value></item>
<item key="help78"><value index="1">											w3-sso.toronto.ca.ibm.com/software/xl/fastpass/uat/fastpass/fphelp.nsf/html/maintenance_entitlements_search.html                                           	</value></item>
<item key="help79"><value index="1">											w3-sso.toronto.ca.ibm.com/software/xl/fastpass/uat/fastpass/fphelp.nsf/html/entitlement_sources.html                                                       	</value></item>
<item key="help80"><value index="1">											w3-sso.toronto.ca.ibm.com/software/xl/fastpass/uat/fastpass/fphelp.nsf/html/troubleshooting_access_problems.html                                           	</value></item>
<item key="help81"><value index="1">											w3-sso.toronto.ca.ibm.com/software/xl/fastpass/uat/fastpass/fphelp.nsf/html/                                                                               	</value></item>
<item key="help82"><value index="1">											w3-sso.toronto.ca.ibm.com/software/xl/fastpass/uat/fastpass/fphelp.nsf/html/using_your_browser_with_fastpass.html                                          	</value></item>
<item key="help83"><value index="1">											w3-sso.toronto.ca.ibm.com/software/xl/fastpass/uat/fastpass/fphelp.nsf/html/what_do_you_need_to_use_fastpass.html                                          	</value></item>
<item key="help84"><value index="1">											w3-sso.toronto.ca.ibm.com/software/xl/fastpass/uat/fastpass/fphelp.nsf/html/best_practices.html                                                            	</value></item>
<item key="help85"><value index="1">											w3-sso.toronto.ca.ibm.com/software/xl/fastpass/uat/fastpass/fphelp.nsf/html/faq.html                                                                       	</value></item>
<item key="help86"><value index="1">											w3-sso.toronto.ca.ibm.com/software/xl/fastpass/uat/fastpass/fphelp.nsf/html/getting_started.html                                                           	</value></item>
<item key="help87"><value index="1">											w3-sso.toronto.ca.ibm.com/software/xl/fastpass/uat/fastpass/fphelp.nsf/html/help_index.html                                                                	</value></item>
<item key="help88"><value index="1">											w3-sso.toronto.ca.ibm.com/software/xl/fastpass/uat/fastpass/fphelp.nsf/html/udr1.html                                                                      	</value></item>
<item key="help89"><value index="1">											w3-sso.toronto.ca.ibm.com/software/xl/fastpass/uat/fastpass/fphelp.nsf/html/udr2.html                                                                      	</value></item>
<item key="help90"><value index="1">											w3-sso.toronto.ca.ibm.com/software/xl/fastpass/uat/fastpass/fphelp.nsf/html/udr3.html                                                                      	</value></item>
<item key="help91"><value index="1">											w3-sso.toronto.ca.ibm.com/software/xl/fastpass/uat/fastpass/fphelp.nsf/html/user_guide.html                                                                	</value></item>
<item key="help92"><value index="1">											w3-sso.toronto.ca.ibm.com/software/xl/fastpass/uat/fastpass/fphelp.nsf/html/help_home.html                                                                 	</value></item>
<item key="help93"><value index="1">											w3-sso.toronto.ca.ibm.com/software/xl/fastpass/uat/fastpass/fphelp.nsf/html/allocations_entmt_table.html                                                   	</value></item>
<item key="help94"><value index="1">											w3-sso.toronto.ca.ibm.com/software/xl/fastpass/uat/fastpass/fphelp.nsf/html/evolutions_entmt_table.html                                                    	</value></item>
<item key="help95"><value index="1">											w3-sso.toronto.ca.ibm.com/software/xl/fastpass/uat/fastpass/fphelp.nsf/html/export_dialog.html                                                             	</value></item>
<item key="help96"><value index="1">											w3-sso.toronto.ca.ibm.com/software/xl/fastpass/uat/fastpass/fphelp.nsf/html/export_link.html                                                               	</value></item>
<item key="help97"><value index="1">											w3-sso.toronto.ca.ibm.com/software/xl/fastpass/uat/fastpass/fphelp.nsf/html/html_import_errors_dialog.html                                                 	</value></item>
<item key="help98"><value index="1">											w3-sso.toronto.ca.ibm.com/software/xl/fastpass/uat/fastpass/fphelp.nsf/html/sales_trans_entmt.html                                                         	</value></item>
<item key="help99"><value index="1">											w3-sso.toronto.ca.ibm.com/software/xl/fastpass/uat/fastpass/fphelp.nsf/html/sales_trans_entmt_table_no_links.html                                          	</value></item>
<item key="help100"><value index="1">											w3-sso.toronto.ca.ibm.com/software/xl/fastpass/uat/fastpass/fphelp.nsf/html/save_web_page_dialog.html                                                        	</value></item>
<item key="help101"><value index="1">											w3-sso.toronto.ca.ibm.com/software/xl/fastpass/uat/fastpass/fphelp.nsf/html/source_code_replace_all_window.html                                              	</value></item>
<item key="help102"><value index="1">											w3-sso.toronto.ca.ibm.com/software/xl/fastpass/uat/fastpass/fphelp.nsf/html/subscription_id.html                                                             	</value></item>
<item key="help103"><value index="1">											w3-sso.toronto.ca.ibm.com/software/xl/fastpass/uat/fastpass/fphelp.nsf/html/august_2007_deployment_agreement_enhancement_details.html                        	</value></item>
<item key="help104"><value index="1">											w3-sso.toronto.ca.ibm.com/software/xl/fastpass/uat/fastpass/fphelp.nsf/html/august_2007_deployment_agreement_site_enhancement_details.html                   	</value></item>
<item key="help105"><value index="1">											w3-sso.toronto.ca.ibm.com/software/xl/fastpass/uat/fastpass/fphelp.nsf/html/august_2007_deployment_contact_enhancement_details.html                          	</value></item>
<item key="help106"><value index="1">											w3-sso.toronto.ca.ibm.com/software/xl/fastpass/uat/fastpass/fphelp.nsf/html/august_2007_deployment_customer_enhancement_details.html                         	</value></item>
<item key="help107"><value index="1">											w3-sso.toronto.ca.ibm.com/software/xl/fastpass/uat/fastpass/fphelp.nsf/html/august_2007_deployment_enhancements_impacting_multiple_detail_pages.html         	</value></item>
<item key="help108"><value index="1">											w3-sso.toronto.ca.ibm.com/software/xl/fastpass/uat/fastpass/fphelp.nsf/html/august_2007_deployment_entitlement_enhancement_details.html                      	</value></item>
<item key="help109"><value index="1">											w3-sso.toronto.ca.ibm.com/software/xl/fastpass/uat/fastpass/fphelp.nsf/html/august_2007_deployment_general_modifications.html                                	</value></item>
<item key="help110"><value index="1">											w3-sso.toronto.ca.ibm.com/software/xl/fastpass/uat/fastpass/fphelp.nsf/html/august_2007_deployment_sales_order_enhancement_details.html                      	</value></item>
<item key="help111"><value index="1">											w3-sso.toronto.ca.ibm.com/software/xl/fastpass/uat/fastpass/fphelp.nsf/html/august_2007_deployment_search_page_modifications.html                            	</value></item>
<item key="help112"><value index="1">											w3-sso.toronto.ca.ibm.com/software/xl/fastpass/uat/fastpass/fphelp.nsf/html/spring_2008_release_new_data_attributes.html                                     	</value></item>
<item key="help113"><value index="1">											w3-sso.toronto.ca.ibm.com/software/xl/fastpass/uat/fastpass/fphelp.nsf/html/spring_2008_release_access_removal_request_function.html                         	</value></item>
<item key="help114"><value index="1">											w3-sso.toronto.ca.ibm.com/software/xl/fastpass/uat/fastpass/fphelp.nsf/html/spring_2008_release_data_manipulation_enhancements.html                          	</value></item>
<item key="help115"><value index="1">											w3-sso.toronto.ca.ibm.com/software/xl/fastpass/uat/fastpass/fphelp.nsf/html/spring_2008_release_search_modifications.html                                    	</value></item>
<item key="help116"><value index="1">											w3-sso.toronto.ca.ibm.com/software/xl/fastpass/uat/fastpass/fphelp.nsf/html/spring_2008_release_terminology_change.html                                      	</value></item>
<item key="help117"><value index="1">											w3-sso.toronto.ca.ibm.com/software/xl/fastpass/uat/fastpass/fphelp.nsf/html/spring_2008_release_help_text.html                                               	</value></item>
<item key="help118"><value index="1">											w3-sso.toronto.ca.ibm.com/software/xl/fastpass/uat/fastpass/fphelp.nsf/html/allocated_entitlements.html                                                      	</value></item>
<item key="help119"><value index="1">											w3-sso.toronto.ca.ibm.com/software/xl/fastpass/uat/fastpass/fphelp.nsf/html/august_2006_deployment.html                                                      	</value></item>
<item key="help120"><value index="1">											w3-sso.toronto.ca.ibm.com/software/xl/fastpass/uat/fastpass/fphelp.nsf/html/august_2007_deployment.html                                                      	</value></item>
<item key="help121"><value index="1">											w3-sso.toronto.ca.ibm.com/software/xl/fastpass/uat/fastpass/fphelp.nsf/html/export_link_topic.html                                                           	</value></item>
<item key="help122"><value index="1">											w3-sso.toronto.ca.ibm.com/software/xl/fastpass/uat/fastpass/fphelp.nsf/html/help.html                                                                        	</value></item>
<item key="help123"><value index="1">											w3-sso.toronto.ca.ibm.com/software/xl/fastpass/uat/fastpass/fphelp.nsf/html/january_2007_deployment.html                                                     	</value></item>
<item key="help124"><value index="1">											w3-sso.toronto.ca.ibm.com/software/xl/fastpass/uat/fastpass/fphelp.nsf/html/maintenance_entitlements.html                                                    	</value></item>
<item key="help125"><value index="1">											w3-sso.toronto.ca.ibm.com/software/xl/fastpass/uat/fastpass/fphelp.nsf/html/manage_entitlements.html                                                         	</value></item>
<item key="help126"><value index="1">											w3-sso.toronto.ca.ibm.com/software/xl/fastpass/uat/fastpass/fphelp.nsf/html/october_2007_release.html                                                        	</value></item>
<item key="help127"><value index="1">											w3-sso.toronto.ca.ibm.com/software/xl/fastpass/uat/fastpass/fphelp.nsf/html/oem_transactions.html                                                            	</value></item>
<item key="help128"><value index="1">											w3-sso.toronto.ca.ibm.com/software/xl/fastpass/uat/fastpass/fphelp.nsf/html/sales_orders.html                                                                	</value></item>
<item key="help129"><value index="1">											w3-sso.toronto.ca.ibm.com/software/xl/fastpass/uat/fastpass/fphelp.nsf/html/late_2007_deployment.html                                                        	</value></item>
<item key="help130"><value index="1">											w3-sso.toronto.ca.ibm.com/software/xl/fastpass/uat/fastpass/fphelp.nsf/html/spring_2008_release.html                                                         	</value></item>
<item key="help131"><value index="1">											w3-sso.toronto.ca.ibm.com/software/xl/fastpass/uat/fastpass/fphelp.nsf/html/usability.html                                                                   	</value></item>
<item key="help132"><value index="1">											w3-sso.toronto.ca.ibm.com/software/xl/fastpass/uat/fastpass/fphelp.nsf/html/pa_entitlementsbscrptnorders.html                                                	</value></item>
<item key="help133"><value index="1">											w3-sso.toronto.ca.ibm.com/software/xl/fastpass/uat/fastpass/fphelp.nsf/html/what_is_fastpass.html                                                            	</value></item>
<item key="help134"><value index="1">											w3-sso.toronto.ca.ibm.com/software/xl/fastpass/uat/fastpass/fphelp.nsf/html/passport_advantage.html                                                          	</value></item>
<item key="help135"><value index="1">											w3-sso.toronto.ca.ibm.com/software/xl/fastpass/uat/fastpass/fphelp.nsf/html/fastpass_and_accessibility.html                                                  	</value></item>
<item key="help136"><value index="1">											w3-sso.toronto.ca.ibm.com/software/xl/fastpass/uat/fastpass/fphelp.nsf/html/what_type_of_data_is_in_fastpass.html                                            	</value></item>
<item key="help137"><value index="1">											w3-sso.toronto.ca.ibm.com/software/xl/fastpass/uat/fastpass/fphelp.nsf/html/ibm_other.html                                                                   	</value></item>
<item key="help138"><value index="1">											w3-sso.toronto.ca.ibm.com/software/xl/fastpass/uat/fastpass/fphelp.nsf/html/how_current_is_the_data.html                                                     	</value></item>
<item key="help139"><value index="1">											w3-sso.toronto.ca.ibm.com/software/xl/fastpass/uat/fastpass/fphelp.nsf/html/passport_advantage_express.html                                                  	</value></item>
<item key="help140"><value index="1">											w3-sso.toronto.ca.ibm.com/software/xl/fastpass/uat/fastpass/fphelp.nsf/html/passport_advantage_program.html                                                  	</value></item>
<item key="help141"><value index="1">											w3-sso.toronto.ca.ibm.com/software/xl/fastpass/uat/fastpass/fphelp.nsf/html/what_is_the_source_of_the_data.html                                              	</value></item>
<item key="help142"><value index="1">											w3-sso.toronto.ca.ibm.com/software/xl/fastpass/uat/fastpass/fphelp.nsf/html/who_to_contact.html                                                              	</value></item>
<item key="help143"><value index="1">											w3-sso.toronto.ca.ibm.com/software/xl/fastpass/uat/fastpass/fphelp.nsf/html/who_uses_fastpass.html                                                           	</value></item>
</data>